French,English,paillettes,glitter
French,English,en rapport à,in relation to
French,English,s'accoupler,to mate
French,English,abruti,fool
French,English,calembour,pun
French,English,périple,journey
French,English,chevaucher,to ride
French,English,tabagisme,smoking
French,English,les cygnes,swans
French,English,il était une fois,once upon a time
French,English,roulement de tambour,drum roll
French,English,iel,lgbqt neutral pronoun
French,English,saisissant,striking
French,English,on remonte,we turn up
French,English,asperger,to sprinkle
French,English,palpitant,thrilling
French,English,fair gicler,to squirt
French,English,la pension alimentaire,child support
French,English,jumeaux,twins
French,English,maligne,smart
French,English,coéquipiers,teammates
French,English,entortiller,to tangle
French,English,la paternité,fatherhood
French,English,coincé,stuck
French,English,le bord,the edge
French,English,plaquer,to tackle
French,English,les banderoles,the streamers
French,English,un tas de,a bunch of
French,English,prendre au sérieux,to take seriously
French,English,je suis inculte,I am uneducated
French,English,les nichons,tits
French,English,t'as dessoulé un peu?,have you sobered up a bit?
French,English,"croix de bras, croix de fer, si je mens, je vais en enfer","arm cross, iron cross, if I lie, I go to hell"
French,English,en colonie,in summer camp
French,English,être débrouillard,to be resourceful
French,English,se démocratiser,to become popular
French,English,l'écart,the gap
French,English,les stores,the blinds
French,English,le linge,Laundry
French,English,tondre la pelouse,to mow the lawn
French,English,Fais toi dépister,Get tested
French,English,il y a des jours avec et des jours sans,there are good days and bad days
French,English,le moindre doute,the slightest doubt
French,English,mon ego en a pris un coup,my ego took a hit
French,English,consignes,instructions
French,English,ne pas échapper a la règle,to no be an exception
French,English,les tâches,Tasks
French,English,un épingle,a pin
French,English,je suis soûl,i am drunk
French,English,un ralenti,a slow motion
French,English,le ciel est dégagé,the sky is clear
French,English,à perte de vue,as far as the eye can see
French,English,les bulles,bubbles
French,English,la brume,mist
French,English,détendu,relaxed
French,English,il fait frais,it's chilly
French,English,l'eau tiède,warm water
French,English,blasé,jaded
French,English,emblématique,iconic
French,English,se tenir en équilibre,to balance
French,English,les mouches,flies
French,English,télésiège,chair lift
French,English,la gamelle,the bowl
French,English,à la recherche d'un emploi,looking for a job
French,English,piéton,pedestrian
French,English,un carrefour,a crossroad
French,English,le parcours,the course
French,English,faire semblant de,to pretend to
French,English,dans l'âme.,at heart
French,English,avoir l'impression de,to feel like
French,English,il se peut que,it is possible that
French,English,il est en galère d'argent,he is lacking money
French,English,adapté,suitable
French,English,s'occuper de,to take care of
French,English,avoir bien en tête,to have in mind
French,English,jeter un oeil,to take a look
French,English,décompresser,to unwind
French,English,les étoiles filantes,shooting Stars
French,English,habits,clothes
French,English,s'en aller,to go away
French,English,on dirait que,it looks like
French,English,maniaque,fussy
French,English,bordélique,messy
French,English,précédent,previous
French,English,aussi vite,that fast
French,English,s'apprêter à,to get ready to
French,English,nourrir,to feed
French,English,se dérouler,to take place
French,English,tomber en panne,to break down
French,English,faire un voeux,make a wish
French,English,contreparties,rewards
French,English,palais,palace
French,English,je suis au contact de lui,I am in contact with him
French,English,ça me fait du bien,it makes me feel good
French,English,perso,personally
French,English,te gâcher la journée,to ruin your day
French,English,textoter,to text
French,English,Comme vous tous,Like all of you
French,English,savourer,to savour
French,English,où que vous habitiez,wherever you live
French,English,le vertige,dizziness
French,English,on se croirait,It feels like being
French,English,la foule,the crowd
French,English,retour,feedback
French,English,gaufre,waffle
French,English,remuer,to stir
French,English,le poivron,the pepper
French,English,bon visionnage,enjoy watching it
French,English,se faire des amis,to make friends
French,English,à couper le souffle,breathtaking
French,English,se détendre,to relax/chill
French,English,faire des rêves,to have dreams
French,English,croiser des gens,to run into people
French,English,faire la fête,to party
French,English,si ça te tente,if you feel like it
French,English,à tout prix,at all costs
French,English,se recueillir,to recollect yourself
French,English,les merveilles,the wonders
French,English,épanoui,blossoming
French,English,bonnes adresses,good places
French,English,flâner,to stroll
French,English,la tirelire,the piggy bank
French,English,s'achever,to complete
French,English,donner sa langue au chat,to give up
French,English,avoir un chat dans la gorge,to be unable to speak
French,English,il n'y a pas un chat,nobody is here
French,English,paisible,peaceful
French,English,s'entraider,to help each other
French,English,le requin,the shark
French,English,menacer,to threaten
French,English,en moyenne,on average
French,English,la poudre,the powder
French,English,enlever,to remove
French,English,aventurer,to venture
French,English,nuirer á,to harm
French,English,la baignade,swimming
French,English,au bord de,on the edge of
French,English,le sentier,the path
French,English,sur place,on site
French,English,grenouille,frog
French,English,un havre de paix,a haven of peace
French,English,l'étendue,the extent
French,English,raccordement,junction
French,English,détente,relaxation
French,English,s'adonner à,to devote oneself to
French,English,l'essor,growth
French,English,l'essor,the growth
French,English,au niveau de,in terms of
French,English,on est partants,we're up for it
French,English,sans plus tarder,without further ado
French,English,ça se voit que,it shows that
French,English,onctueux,creamy
French,English,écoeuré,sickened
French,English,goûteux,tasty
French,English,faire le point,to focus (camera)
French,English,aléatoire,random
French,English,sablés,biscuits
French,English,rigolo,funny
French,English,se vanter,to brag
French,English,noisette,hazelnut
French,English,messieurs-dames,ladies and gentlemen
French,English,jouvence,youth
French,English,même par,even in
French,English,retour aux sources,back to the roots
French,English,le frisson,the thrill
French,English,quadriller,to lockdown
French,English,au fur et à mesure que,gradually as
French,English,au fur et à mesure de,according to
French,English,endommager,to damage
French,English,un incontournable,a must-see
French,English,pour ma part,in my opinion
French,English,lorgner,to eye
French,English,arrière goût,aftertaste
French,English,bien moins bon,much worse
French,English,je le sens mal,I got a bad feeling
French,English,valoir le coup,to be worth it
French,English,bouchée,bite
French,English,déplace,uncalled for
French,English,thon,tuna
French,English,honneur aux dames,ladies First
French,English,la mie de pain,breadcrumbs
French,English,salé,salty
French,English,s'imprégner de,to immerse yourself
French,English,tout l'intérêt de,the relevance of
French,English,aussi intéressant que,as interesting as
French,English,pittoresque,picturesque
French,English,en quelque sorte,in a manner of speaking
French,English,l'artisanat,crafts
French,English,l'évêque,the bishop
French,English,frappé par la foudre,hit by lightning
French,English,les ruelles,alleys
French,English,mur d'enceinte,enclosure wall
French,English,sauter aux yeux,to catch the eye
French,English,depuis un moment,for a while
French,English,perché sur,perched on
French,English,verdoyant,verdant
French,English,atterrir,to land
French,English,un coucher de soleil,a sunset
French,English,en plein dans la nature,in the heart of nature
French,English,a ciel ouvert,open air
French,English,framboise,raspberry
French,English,cerner,to identify
French,English,les enjeux,issues
French,English,à la place de,instead of
French,English,au bout de,at the end of
French,English,la couronne,the crown
French,English,au dessus,above
French,English,un aigle,an eagle
French,English,l'écusson,the badge
French,English,accessoirement,incidentally
French,English,la rescousse,the rescue
French,English,anodin,harmless
French,English,accorder,to grant
French,English,mon rapport à,my relation to
French,English,une somme,a fee
French,English,autant de,as much
French,English,tout de même,after all
French,English,une fosse,a pit
French,English,une cuvette,a bowl
French,English,secher,to dry
French,English,pas n'importe quelles toilettes,not just any toilet
French,English,le principe,the principle
French,English,s'autonomiser par la pensée,empower yourself with thought
French,English,autonome,independent
French,English,favoriser,to promote
French,English,s'approcher,to approach
French,English,mauvaise herbes,weeds
French,English,vertus médicinales,medicinal properties
French,English,les gencives,the gums
French,English,nulle part ailleurs,nowhere else
French,English,foin,hay
French,English,la paille,straw
French,English,craintif,fearful
French,English,chèvres,goats
French,English,l'enclos,the enclosure
French,English,piments,peppers
French,English,sucré,sweet
French,English,mûr,ripe
French,English,potager,vegetable garden
French,English,arroser,to water
French,English,en fonction de,depending on
French,English,les pots,the pots
French,English,nain,dwarf
French,English,les poules,hens
French,English,un coq,a rooster
French,English,pincer,to pinch
French,English,bec,beak
French,English,l'oie,goose
French,English,poulailler,henhouse
French,English,faire pousser des fruits,to grow fruits
French,English,adhérent,member
French,English,une ferme,a farm
French,English,un lieu qui me tient à coeur,a place which is dear to my heart
French,English,imprenable,stunning
French,English,aménager,to furnish
French,English,se diriger vers,to head towards
French,English,un siège/place,a seat
French,English,édifier,to build
French,English,on va visiter quelques points,we are going to visit some spots
French,English,plus en plus,more and more
French,English,plus un discours est formel,the more formal the speech
French,English,facultatif,optional
French,English,vivement,strongly
French,English,en arrière,backward
French,English,porter ses fruits,to yield results
French,English,les cuisses,thighs
French,English,la taille,the waist
French,English,moulinet de pêche,fishing reel
French,English,plier,to fold/blend
French,English,se dépasser,to surpass oneself
French,English,en entier,in entirety
French,English,la marche suivante,the next step
French,English,a tel point que,to the extent that
French,English,en fin de journée,at the end of the day
French,English,dernièrement,recently
French,English,la routine matinale,the morning routine
French,English,se rincer,to rinse
French,English,le robinet coule,the tap is running
French,English,le robinet fuit,the tap is leaking
French,English,la brosse à dents,toothbrush
French,English,le dentifrice,toothpaste
French,English,les chaussons,slippers
French,English,bailler,to yawn
French,English,s'etirer,to stretch
French,English,dynamiser,to energize
French,English,s'attendre à,to expect
French,English,le chapiteau,the big tent
French,English,ça draine,it attracts
French,English,vu que,since/because
French,English,une nuit blanche,one sleepless night
French,English,serein,serene
French,English,rayonnant,radiant
French,English,aigri,embittered
French,English,à la chaîne,mass produced
French,English,décrier,to put down (emotionally)
French,English,un pari,a bet
French,English,ravageur,ravishing
French,English,le milieu social,the social environment
French,English,des rides,wrinkles
French,English,ça se trouve,maybe
French,English,chaux,lime
French,English,concevoir,to create
French,English,redoubler,to repeat the course
French,English,la manche,the sleeve
French,English,tordu,twisted
French,English,froisser,to ruffle
French,English,baver,to drool
French,English,par hasard,by chance
French,English,démarrer,to activate
French,English,se repérer,to find your way
French,English,un jour de congé,a day off
French,English,se marrer,to laugh
French,English,tais-toi,Shut up
French,English,au fur et à mesure,gradually
French,English,quand tout à coup,when all of a sudden
French,English,les santiags,cowboy boots
French,English,racaille,young style
French,English,combler le vide,fill the void
French,English,les déscolarisés,school dropouts
French,English,quel parfum,what flavor?
French,English,tu es typé?,are you non french origin?
French,English,grosso modo,roughly speaking
French,English,j'ai compris à peine,I barely understood
French,English,deuspi/2spi (speed),one sec!/real quick!
French,English,comme as (comme ça),like that
French,English,ché ap (je sais pas),I do not know
French,English,cheum (moche),ugly
French,English,téma! (mater),look!
French,English,turfu(futur),future
French,English,mifa (famille),family
French,English,québlo (bloqué),stuck
French,English,un bled,a village/a dump
French,English,laïque,secular
French,English,visiter,to inspect a place
French,English,être à deux doigts de faire quelque chose,to be on the verge of doing something
French,English,travailler au noir/etre payé au black,to be paid under the table
French,English,tenir au courant/etre au courant,to keep you posted/to be in the know
French,English,avoir la main verte,to be knowledgeable of plants
French,English,ça tombe bien,good timing
French,English,un tue l'amour,a love killer (kills the mood)
French,English,jeter un coup d'oeil,to take a look at
French,English,cracher,to spit/to talk badly about someone
French,English,y a R,there is nothing
French,English,une catin,a whore
French,English,Djadja,a liar (african french?)
French,English,une interrogation/une interro,a pop quiz
French,English,filer,to give (slang)
French,English,une tuerie,delicious
French,English,ringard,old fashion
French,English,pas terrible,horrible (slang)
French,English,terrible,amazing (slang)
French,English,j'ai pas mal bossé,I worked a good amount
French,English,assumer,to take responsibility/to rock it
French,English,le foutre,cum
French,English,la beu,weed
French,English,chiffre d'affaire,revenue
French,English,un vis,a screw
French,English,avoir la gueule de bois,to be hungover
French,English,balayer,to sweep
French,English,une fève,a lucky charm
French,English,fourrer,to stuff
French,English,éloigner,to ward off
French,English,armoire,cupboard/wardrobe
French,English,salé,savory
French,English,froment,wheat
French,English,la poêle,the pan
French,English,chandelle,candle
French,English,flambeau,torch
French,English,pâte,dough
French,English,tronçonner,to saw
French,English,devoir se rendre,to have to go
French,English,la coutume,the custom
French,English,une revendication,a demand
French,English,les syndicats,trade unions
French,English,déclarer sa flamme a quelqu'un,declare his love to someone
French,English,jour férié,public holiday
French,English,téméraire,reckless
French,English,viril,manly
French,English,surnom,nickname
French,English,les orphelins,the orphans
French,English,les veuves,widows
French,English,assister à concert,to attend a concert
French,English,etre décédé,to be dead
French,English,se recueillir,to engage in private prayer
French,English,douceurs,sweets
French,English,se déguiser,dress up
French,English,un festin,a feast
French,English,trôner,to sit in state
French,English,le sapin,christmas tree
French,English,méconnu,little known
French,English,pompier,firefighter
French,English,diffuser,spread/broadcast
French,English,malheur,bad luck
French,English,trèfle à 4 feuilles,4-leaf clover
French,English,se cogner la tête,to bump your head
French,English,un ouf,a crazy person
French,English,un bouquin,a book
French,English,casse-toi,get lost
French,English,de l'autre côté,on the other hand
French,English,aucun doute là-dessus,no doubt about it
French,English,la maternelle,Kindergarten
French,English,mamie,granny
French,English,au cours des ans,over the years
French,English,alors que,while
French,English,fécondité,fertility
French,English,au-delà de cette date,beyond this date
French,English,auprès de vous,with you
French,English,une moyenne de,an average of
French,English,faire pression,to lobby
French,English,la vinification,winemaking process
French,English,élaborer,to elaborate/create
French,English,à partir de cet instant,from now on
French,English,héberger,to harbor
French,English,favoriser de,to promote
French,English,inédite,unusual
French,English,le patrimoine,Heritage
French,English,lasser,to bore
French,English,mettre en lumière,to highlight
French,English,suite au,following the
French,English,la date est fixée,the date is set
French,English,biens publics,public property
French,English,tricher,to cheat
French,English,coup de foudre,love at first sight
French,English,ronger,to nibble
French,English,un rhume,a cold
French,English,être en colère,to be angry
French,English,la mariée,the bride
French,English,logiciel,software
French,English,calculer,to give someone attention
French,English,quiproquo,problem/misunderstanding
French,English,drah,a dispute
French,English,les bagarres,conflicts
French,English,à partir de maintenant,from now on
French,English,En revanche,On the other hand
French,English,requins,sharks
French,English,tuile,tile
French,English,les toits,the roofs
French,English,avoir bonne mine,to look healthy
French,English,ça ne fait rien,never mind
French,English,trépidant,hectic
French,English,faire gaffe,to be careful
French,English,faire tomber,to drop
French,English,papier sopalin,paper towel
French,English,une allumette,a match
French,English,marmite,cooking pot
French,English,argenterie,silverware
French,English,lardons,bacon
French,English,croquer,to munch
French,English,la tartine,the slice of bread
French,English,chauffer,to heat
French,English,le minuteur,the timer
French,English,grille-pain,toaster
French,English,rendre meilleur,to make better
French,English,poser,to lay
French,English,pourrir,to rot
French,English,n'ayez crainte,do not be afraid
French,English,je me suis rendu a,I went to
French,English,une toque,a chef hat
French,English,poivrons,peppers
French,English,la citrouille,pumpkin
French,English,l'ail,garlic
French,English,une poêle,a frying pan
French,English,tout de suite,right now
French,English,la salle de gym,the gym
French,English,empailler,to stuff
French,English,les canots,canoes
French,English,épeler,to spell
French,English,détruire,to destroy
French,English,les environs,the surroundings
French,English,une gaufre,a waffle
French,English,surplomber,to overhang
French,English,le bouclier,the shield
French,English,se ressourcer,to revitalise yourself
French,English,se situer,to be located
French,English,se poser,to land
French,English,se tenir,to stand
French,English,farouche,shy/wild
French,English,soupçonneux,suspicious
French,English,une télé-réalité,a reality show
French,English,dérangeant,disturbing
French,English,un rapport,an effect
French,English,sueur,sweat
French,English,poilu,hairy
French,English,tel que,such as
French,English,le béton,the concrete
French,English,un bigo,a burner phone
French,English,je suis maladroit,I am clumsy
French,English,détailler,to give detail
French,English,centimes,cents
French,English,les pièces,coins
French,English,mon portable,my cell phone
French,English,trottinette,scooter
French,English,beignet,donut
French,English,tartiner,to spread
French,English,la cabane,the shack
French,English,lever du soleil,Sunrise
French,English,coucher de soleil,sunset
French,English,une horloge,a clock
French,English,un socle,a base
French,English,mouillé,wet
French,English,lierre,ivy
French,English,un coquillage,a shell
French,English,de même que,as well as
French,English,éclaire,to light up
French,English,un lampadaire,a lamp post
French,English,les toiles d'araignée,spider webs
French,English,lié a,related to
French,English,àux alentours de,around
French,English,plan séquence,sequence shot
French,English,majestueusement,majestically
French,English,magie,magic
French,English,une voie,a path
French,English,une plaque d'égouts,a sewer plate
French,English,se servir de,to utilise
French,English,la rampe,the rail
French,English,luxuriant,lushious
French,English,s'eloigner de,to get away from
French,English,foncé,dark
French,English,si tant est que,provided that
French,English,se faire des passes au ballon,to throw around the ball
French,English,plus de peur que de mal,no harm done
French,English,les gratte-ciels,the skyscrapers
French,English,une fois de plus,once again
French,English,l'arrêt de bus,the bus stop
French,English,propriété,property
French,English,l'ombre,The shadow
French,English,déchet,waste
French,English,les habits,clothes
French,English,un briquet,a lighter
French,English,une licorne,a unicorn
French,English,demoiselle,young lady
French,English,éventer,to fan
French,English,se demander,to wonder
French,English,la vallée,The valley
French,English,les balades,the walks
French,English,le boule,the ball
French,English,pour l'instant,for the time being
French,English,rafraîchissant,refreshing
French,English,ailleurs,elsewhere
French,English,les coutumes,customs
French,English,splendide,splendid
French,English,le festin,feast
French,English,l'arrière,the rear
French,English,s'écrouler,to collapse
French,English,exprès,on purpose
French,English,la moyenne,the average
French,English,provisoirement,provisionally/temporarily
French,English,une aire,an area
French,English,aménager,to arrange (furniture-wise)
French,English,dépouiller,to strip
French,English,ferroviaire,Railway
French,English,décoller,to take off
French,English,l'écart,gap
French,English,hisser,to hoist
French,English,un sillage,a wake
French,English,un vaisseau,a vessel
French,English,une concertation,a consultation
French,English,raser,to shave
French,English,malin,clever
French,English,un allégement,a lightening
French,English,occasionner,to cause
French,English,agrandir,to enlarge
French,English,confiner,to confine
French,English,barbare,barbaric
French,English,ancrer,to anchor
French,English,atroce,atrocious
French,English,viable,workable
French,English,ajourner,to adjourn
French,English,un relevé,a statement
French,English,s'ensuivre,to ensue
French,English,un réveil,an alarm clock
French,English,ravager,to ravage
French,English,allouer,to allocate
French,English,sonder,to probe
French,English,réglementer,to regulate
French,English,inonder,to flood
French,English,s'empresser,to scurry
French,English,un voisinage,a neighborhood
French,English,le savoir-faire,the know-how
French,English,une bulle,a bubble
French,English,une crête,a crest/mohawk
French,English,un démarrage,a start up
French,English,la traite,trafficking/milking
French,English,traire,to milk
French,English,craquer,to crack
French,English,une case,a hut
French,English,militer pour,to advocate for
French,English,féroce,fierce
French,English,blindé,armored
French,English,le loyer,the rent
French,English,la rente,pension
French,English,une justesse,an accuracy
French,English,la foudre,lightning
French,English,un supplément,a premium
French,English,je suis enclin à parler avec toi,I am inclined to talk with you
French,English,un bond,a leap
French,English,un salaud,a bastard
French,English,l'affectation,the allocation
French,English,s'écrier,to exclaim/cry out
French,English,guetter,to look out
French,English,une détente,relaxation
French,English,la gâchette,the trigger
French,English,une embauche,a hiring
French,English,réitérer,to reiterate
French,English,le bétail,the cattle
French,English,une intimité,an intimacy
French,English,un puits,a well
French,English,nécessiter,to require
French,English,un aboutissement,an outcome
French,English,un convoi,a convoy
French,English,doré,golden
French,English,une serre,a greenhouse
French,English,un triomphe,a triumph
French,English,en contrepartie,in return
French,English,un repli,a withdrawal/regressiom
French,English,un mécontentement,a discontent
French,English,une navette,a shuttle
French,English,franchir le seuil,to cross the threshold
French,English,un foie,liver
French,English,le vieillesse,old age
French,English,renfermer,to contain
French,English,décharger,to unload
French,English,un ours,a bear
French,English,un dilemme,a dilemma
French,English,jadis,formerly
French,English,hormis,apart from
French,English,réprimer,to surpress
French,English,une boule,a ball
French,English,un orage,a thunderstorm
French,English,un chirurgien,a surgeon
French,English,notoire,notorious
French,English,périr,to perish
French,English,intimider,to intimidate
French,English,la cruauté,cruelty
French,English,un rocher,a rock
French,English,une visée,an aim
French,English,une retenue,a deduction
French,English,un licenciement,a dismissal
French,English,un boucher,a butcher
French,English,un exclu,an outcast
French,English,dévouer,to devote
French,English,une borne,a terminal
French,English,une foire,a fair
French,English,la milice,the militia
French,English,se vêtir,to dress yourself
French,English,une fillette,a little girl
French,English,un vieillard,an old man
French,English,décerner,to award
French,English,une croisière,a cruise
French,English,s'épanouir,to blossom
French,English,un poil,a hair (body)
French,English,escompter,to expect
French,English,odieux,heinous
French,English,l'éloge,praise
French,English,louanger,to praise
French,English,au regard de,In regards to
French,English,la planification,Planning
French,English,comique,comical
French,English,un guerrier,a warrior
French,English,camoufler,to camouflage
French,English,supplier,to beg
French,English,influer,to influence
French,English,lasser,to weary
French,English,le coût,the cost
French,English,néfaste,harmful
French,English,un cordon,a cord
French,English,hanter,to haunt
French,English,un fermier,a farmer
French,English,brouiller,to scramble
French,English,un poumon,a lung
French,English,emmerder,to hassle
French,English,pantalon,trousers
French,English,obséder,to obsess
French,English,être en plein essor,to be booming
French,English,une soif,a thirst
French,English,un détenteur,a holder
French,English,venger,"to revenge, vindicate"
French,English,mou,soft
French,English,une traversée,a crossing
French,English,un fléau,a plague
French,English,un débouché,an opening (figuratively)
French,English,raccorder,to plug
French,English,une prise de courant,A plug outlet
French,English,un renouveau,renewal
French,English,un emplacement,a location
French,English,un instituteur,a schoolteacher
French,English,enchaîner,to chain
French,English,les coulisses,behind the scenes/backstage
French,English,les ailes,wings
French,English,concrètement,in concrete terms
French,English,rayer,to scratch/scuff/cross out
French,English,éminent,renowned
French,English,relater,to recount
French,English,un bouleversement,an upheaval
French,English,équivaloir a,to equivalate to
French,English,les restes,Leftovers
French,English,le solde,The balance (payment)
French,English,un éventail,a range
French,English,une retombée,a fallout
French,English,incomber à,to be undertaken on
French,English,insensé,foolish
French,English,photographier,to photograph
French,English,le cadre,the framework
French,English,se baigner,to swim
French,English,baigner,to bathe
French,English,un fouet,a whip/batter
French,English,Un propriétaire foncier,A landowner
French,English,envelopper,to envelop
French,English,amer,bitter
French,English,un comte,a count (noble title)
French,English,déplaire,to displease
French,English,concrétiser,to carry out
French,English,une consigne,a deposit
French,English,un romancier,A novelist
French,English,dérober,to steal
French,English,se dérober à,to shy away from
French,English,un complot,a conspiracy plot
French,English,triompher,to triumph
French,English,borner,to limit
French,English,un douanier,a customs officer
French,English,une flèche,an arrow
French,English,l'orateur,the speaker
French,English,un concitoyen,a fellow citizen
French,English,appréhender,to apprehend/grasp
French,English,un chagrin,a grief
French,English,indigène,indigenous
French,English,un récepteur,a receiver
French,English,infiniment,infinitely
French,English,un seigneur,A lord
French,English,restituer,return/refund/restore
French,English,une merveille,a wonder
French,English,souterrain,underground
French,English,saisonnier,seasonal
French,English,assaisonner,to season
French,English,assurément,certainly
French,English,une ceinture,a belt
French,English,un versement,a deposit
French,English,éclater en sanglots,to burst into tears
French,English,éclater de rire,to burst out laughing
French,English,un enquêteur,investigator
French,English,flotter,to float
French,English,entrevoir,to glimpse
French,English,une fraude,fraud
French,English,un pneu,a tire
French,English,prévisible,predictable
French,English,un déclin,a decline
French,English,dissiper,to dissipate
French,English,la boue,mud
French,English,un cessez-le-feu,a ceasefire
French,English,passer la soie dentaire,to floss
French,English,sonore,sound
French,English,une gendarmerie,policeforce
French,English,nouer,to tie
French,English,contrarier,to annoy
French,English,un parquet,hardwood floor
French,English,opportun,timely
French,English,controversé,controversial
French,English,un parfum,a perfume
French,English,advenir,to befall
French,English,une tendresse,a tenderness
French,English,une tache,a stain
French,English,passionnant,exhilarating
French,English,répliquer,to counter (verbally)
French,English,véhiculer,to convoy
French,English,une fermeté,firmness
French,English,une trêve,a truce
French,English,un panier,a woven basket
French,English,entraver,to hinder
French,English,un/une gendarme,a policeman
French,English,une fiche,a form
French,English,renier,to disown
French,English,une sécheresse,a drought
French,English,un entraîneur,a trainer
French,English,un péché,a sin
French,English,relâcher,to release
French,English,en matière de,in terms of
French,English,une incitation,an incentive
French,English,une brèche,a breach
French,English,dissoudre,to dissolve
French,English,un soulagement,a relief
French,English,"un curé/prêtre,prêtresse","a priest, priestess"
French,English,y compris moi,including me
French,English,prochainement,shortly
French,English,un palier,a level (geography wise)
French,English,aucunement,in no way
French,English,itinéraire,itinerary
French,English,convenable,suitable
French,English,un report,a deferral
French,English,le voile,the veil
French,English,ôter,to remove
French,English,un coude,an elbow
French,English,sanglant,bloody
French,English,desservir,to serve
French,English,quiconque,anyone
French,English,imputer,to attribute
French,English,parer,to ward
French,English,un stupéfiant,a narcotic
French,English,une librairie,a bookstore
French,English,une insuffisance,an inadequacy
French,English,bannir,to banish
French,English,au delà de,Beyond
French,English,un repère,a landmark/benchmark
French,English,une évasion,an escape
French,English,affreux,frightful
French,English,une pendre la crémaillère,a housewarming
French,English,pendre,to hang
French,English,vigoureux,vigorous
French,English,piéger,to trap
French,English,un jumeau,a twin
French,English,sévir,to crack down
French,English,alourdir,to weigh down
French,English,redoutable,dreadful
French,English,un/une gestionnaire,a manager
French,English,basculer,to toggle
French,English,chuter,to plummet
French,English,une poussée,a push
French,English,modéré,moderate
French,English,un moine,a monk
French,English,éveiller,to stimulate
French,English,une goutte,a drop
French,English,une tente,a tent
French,English,un réalisateur,a director
French,English,une souris,a mouse
French,English,un renfort,a reinforcement
French,English,anéantir,to wreck
French,English,une punition,a punishment
French,English,une poule,a hen
French,English,tisser,to weave
French,English,un combustible,a fuel
French,English,un crâne,a skull
French,English,une vitrine,a display case
French,English,une récolte,a harvest
French,English,un rayonnement,a radiation
French,English,je suis retraité,I am retired
French,English,naïf,naive
French,English,un flot,a flow
French,English,enthousiaste,enthusiastic
French,English,un sous-sol,a basement
French,English,un redressement,a recovery
French,English,un extrait,an extract/excerpt
French,English,actionnaire,shareholder
French,English,"majoritaire, minoritaire","majority, minority"
French,English,chiffrer,to put a number on
French,English,une cloche,a bell
French,English,titulaire,title holder
French,English,mépriser,to despise
French,English,un engin,an engine
French,English,une lacune,a gap
French,English,une prétention,a claim
French,English,replier,to fold up
French,English,une méfiance,distrust
French,English,un panneau,a sign/panel
French,English,un commissariat,a police station
French,English,un loyer,a rent
French,English,octroyer,to bestow
French,English,pêcher,to fish
French,English,une relance,a relaunch
French,English,un reçu,a receipt
French,English,aisé,easy
French,English,détendre,to loosen
French,English,parier sur,to bet on
French,English,le petit coin,the bathroom
French,English,tais toi,Shut up
French,English,nombre,number
French,English,s'attarder,to linger
French,English,le plomb,the lead
French,English,un surcroît de travail,an increased workload
French,English,grossir,to get bigger
French,English,englober,to encompass
French,English,le état-major,the staff
French,English,réciproque,reciprocal
French,English,concurrentiel,competitive
French,English,omettre,to omit
French,English,couronner,to crown
French,English,une poitrine,a breast
French,English,un commerçant,a merchant
French,English,corrompre,to corrupt
French,English,une dérive,a drift
French,English,centrer,to center
French,English,un délégué,a delegate
French,English,mécontent,discontent
French,English,épouvantable,appalling
French,English,inverser,to invert
French,English,une teneur en eau,a water content
French,English,une poudre,a powder
French,English,fiable,reliable
French,English,pourparlers,talks (noun)
French,English,sommaire,summary
French,English,découper,to cut/carve
French,English,un timbre,a stamp
French,English,une grossesse,pregnancy
French,English,une réticence,reluctance
French,English,un versant,a slope
French,English,mon opposant,my opponent
French,English,un aval,downstream
French,English,contrevenant,offender
French,English,muet,mute
French,English,une courbe,a curve
French,English,une vitre,a glass pane
French,English,déguiser,to disguise
French,English,instruire,to instruct
French,English,une cote,a rating
French,English,un os,bone
French,English,un sursis,a reprieve
French,English,une trahison,a betrayal
French,English,une souplesse,flexibility
French,English,un revers,a setback
French,English,un serment,an oath
French,English,erroné,wrong
French,English,s'envoler,to fly away
French,English,capter,to capture
French,English,voiler,to veil
French,English,un abbé,a priest
French,English,prélever,to withdraw/remove
French,English,léguer,to pass down
French,English,pervers,pervert/kinky
French,English,un sauvetage,a rescue
French,English,grossier,rude/rough
French,English,prétendu,alleged
French,English,un sou,a cent
French,English,convaincant,convincing
French,English,un ralentissement,a slowdown
French,English,une fumée,a smoke
French,English,une mairie,a town hall
French,English,tâcher,to strive
French,English,un volant,A steering wheel
French,English,minime,minimal
French,English,une émeute,riot
French,English,une appartenance,ownership
French,English,un isolement,isolation
French,English,un comptable,an accountant
French,English,un golfe,a gulf
French,English,une frappe,a hit
French,English,médiatique,media
French,English,hurler,to howl
French,English,un remède,a cure
French,English,rassurant,reassuring
French,English,dédier,to dedicate
French,English,planer,to glide
French,English,précoce,early
French,English,un portable,laptop/cellphone
French,English,honteux,shameful
French,English,un asile,an asylum
French,English,sombrer dans l'abîme,to sink into the abyss
French,English,un diable,a devil
French,English,spontané,spontaneous
French,English,un suffrage,a vote
French,English,souscrire,to subscribe
French,English,une marée,a tide
French,English,haïr,to hate
French,English,impuissant,powerless
French,English,un confrère,a colleague
French,English,insérer,to insert
French,English,entre-temps,in the meantime
French,English,une panne,failure
French,English,gravir,to ascend
French,English,une fourniture,a supply
French,English,un apport,a contribution
French,English,un héritier,an heir
French,English,une cabine,a cabin
French,English,une défaillance,a failure
French,English,tardif,overdue
French,English,ériger,to erect (building-wise)
French,English,bousculer,to shove/rush
French,English,autrui,others
French,English,renouveler/reconduire,to renew
French,English,étaler,to spread
French,English,subit,sudden
French,English,subir,undergo/suffer
French,English,concerter,to consult
French,English,un loup,a wolf
French,English,souhaitable,desirable
French,English,j'ai ete pris en flagrant délit,I was caught in the act
French,English,un constat,a statement
French,English,un soupçon,a hint/suspicion
French,English,barrer,to bar
French,English,une roue,a wheel
French,English,rallier,to rally
French,English,ficher,to file
French,English,nullement,by no means
French,English,se ruiner,to bankrupt onself
French,English,ruiner,to ruin
French,English,une citoyenneté,a citizenship
French,English,une pile,a battery
French,English,un poing,a fist
French,English,un phare,a lighthouse
French,English,un suspens,a suspense
French,English,une vierge,a virgin
French,English,alléger,to alleviate
French,English,quel soulagement,what a relief
French,English,émouvoir,move (emotionally)
French,English,axer,to focus
French,English,rectifier,to rectify
French,English,propager,to spread
French,English,dorénavant,from now on
French,English,expédier,to dispatch
French,English,prôner,to advocate
French,English,masquer,to mask
French,English,la criminalité,crime
French,English,un aménagement,a layout
French,English,une amende,a fine
French,English,un saut,a jump
French,English,précaire,precarious
French,English,brandir,to brandish
French,English,un noyau,a core
French,English,favori,favorite
French,English,effrayer,to frighten
French,English,un carton,a cardboard box
French,English,étirer,to stretch
French,English,allonger,to lengthen
French,English,enquêter sur,to investigate
French,English,décéder,to decease
French,English,s'enfuir,to run away
French,English,tailler,to trim/carve
French,English,un comté,a county
French,English,un différend,a disagreement
French,English,une autoroute,a highway
French,English,récolter,to harvest
French,English,un exposé,a presentation
French,English,épais,thick
French,English,endormir,to put asleep
French,English,une corde,a rope
French,English,un tapis,carpet
French,English,un hôte,a host
French,English,dépêcher,to dispatch
French,English,un acheminement,a routing
French,English,une touche,a key
French,English,une envergure,a scope (figuratively)
French,English,gigantesque,gigantic
French,English,une requête,a request
French,English,une assiette,a plate
French,English,un reflet,a reflection
French,English,un manteau,a coat
French,English,embaucher,to hire
French,English,une propagation,a spread
French,English,contrer,to counter
French,English,un assaut,an assault
French,English,un intervenant,a speaker
French,English,une vedette,a star(clout)
French,English,reléguer,to relegate
French,English,une étendue,a range
French,English,une récompense,an award
French,English,une baie,a bay/berry
French,English,une descente,downhill
French,English,un barrage,a blocade
French,English,la petite mort,orgasm
French,English,au passage,on a side note
French,English,reconnaissant,thankful
French,English,en sachant que,knowing that
French,English,pour acquis,for granted
French,English,l'éponge,the sponge
French,English,chuchoter,to whisper
French,English,un carnet,a notebook
French,English,une espérance,hope
French,English,une étendue,an extent
French,English,une récompense,an award/reward
French,English,défier,to challenge
French,English,une synthèse,synthesis
French,English,un effondrement,a collapse
French,English,un néant,nothingness
French,English,un barrage,a dam
French,English,une détresse,distress
French,English,un plancher,a floor
French,English,une couronne,a crown
French,English,s'abstenir de,to refrain from
French,English,un affrontement,a confrontation
French,English,un ballon/boule,ball
French,English,peupler,to populate
French,English,un renvoi,a dismissal
French,English,un affaiblissement,a weakening
French,English,un atout,an asset
French,English,un préjugé,a prejudice
French,English,un logiciel,a software
French,English,exhorter,to urge
French,English,apaiser,to soothe
French,English,prescrire,to prescribe
French,English,un prélèvement,a sample
French,English,une patrie,a homeland
French,English,un fossé,a ditch
French,English,un dépens,an expense
French,English,un malentendu,a misunderstanding
French,English,un règne,a reign
French,English,un pot,a pot/jar
French,English,soigneusement,carefully
French,English,un rassemblement,a gathering
French,English,percer,to drill
French,English,une ruine,a ruin
French,English,abolir,to abolish
French,English,salarial,wage
French,English,soi-disant,supposedly
French,English,prometteur,promising
French,English,un carburant,a fuel
French,English,un équipage,a crew
French,English,un viol,a rape
French,English,perturber,to disturb
French,English,virer,to transfer funds
French,English,générer,to generate
French,English,une imposition,taxation
French,English,débrouiller,to untangle
French,English,un tirage,a draw
French,English,un/une philosophe,a philosopher
French,English,un ange,an angel
French,English,une pénurie,a shortage
French,English,un certificat,a certificate
French,English,ménager,domestic work
French,English,une flamme,A flame
French,English,brusquement,abruptly
French,English,une nouveauté,a novelty
French,English,approprié,appropriate
French,English,cimetière,cemetery
French,English,décréter,to decree
French,English,premièrement,First
French,English,soucieux,concerned
French,English,la douane,customs
French,English,incarner,to incarnate
French,English,un tournoi,a tournament
French,English,un sinistre,disaster
French,English,publicitaire,advertising
French,English,une plume,a feather
French,English,assimiler,to assimilate
French,English,s'acharner a,to go at fiercely
French,English,une herbe,a grass/herb
French,English,déceler,to detect
French,English,une querelle,a quarrel
French,English,un nœud,a knot
French,English,cynique,cynical
French,English,habituellement,usually
French,English,énoncer,enunciate/state
French,English,un deuil/chagrin,grief
French,English,une allure,a look
French,English,quasiment,nearly
French,English,aspirer à,to aspire to
French,English,aspirer,to vacuum
French,English,la saleté,dirt
French,English,maigre,skinny
French,English,raide,steep/stiff
French,English,défiler,to march/parade/scroll
French,English,bien-être,well being
French,English,adéquat,adequate
French,English,une demeure,a residence
French,English,une gamme,a range
French,English,une livraison,a delivery
French,English,un éclat,a splinter
French,English,coter,to quote/rate
French,English,un creux,a trough
French,English,faillir à,to fail to
French,English,une empreinte,a fingerprint
French,English,une toile,a canvas
French,English,un/une complice,an accomplice
French,English,un dégât,a damage
French,English,un jouet,a toy
French,English,un pilier,a pillar
French,English,un renouvellement,a renewal
French,English,un faisceau,a beam
French,English,une approbation,an approval
French,English,hebdomadaire,weekly
French,English,peiner,to labour
French,English,créer un élan,to build momentum
French,English,démissionner,to resign
French,English,a votre guise,as you wish
French,English,théorique,theoretical
French,English,un esclave,a slave
French,English,une atteinte,infringement
French,English,une mutation,a mutation/transfer
French,English,une hiérarchie,a hierarchy
French,English,instituer,to institute
French,English,une composante,a component
French,English,une sûreté,a security
French,English,une trame,a framework
French,English,comparaître,to appear
French,English,un veuf,a widow
French,English,un minuit,a midnight
French,English,miner,to undermine
French,English,induire,to induce
French,English,un évêque,a bishop
French,English,une réparation,a repair
French,English,boucler,to buckle/loop
French,English,un manche,a sleeve
French,English,cerner,to ascertain
French,English,intime,intimate
French,English,dériver,to drift away
French,English,fouiller,to rummage
French,English,une faille,a flaw/loophole
French,English,une clef,a key
French,English,un emprunt,a loan
French,English,un pape,a pope
French,English,une angoisse,anxiety
French,English,troubler,to disrupt
French,English,dépenser,to spend
French,English,marchander,to bargain
French,English,un distributeur automatique,an ATM
French,English,a ma décharge,in my defense
French,English,faire culpabiliser,to guilt trip
French,English,congé,day off
French,English,interpeller,to question
French,English,une épargne,savings
French,English,un frein,a brake
French,English,un sommeil,a sleep
French,English,une pompe,a pump
French,English,œuvrer,to work
French,English,puiser,to draw (figuratively)
French,English,un infini,an infinity
French,English,reconnaissant,grateful
French,English,se conformer à,to comply with
French,English,recruter,to recruit
French,English,un savant,a scholar
French,English,acheminer,to route/forward
French,English,ramasser,to pick up
French,English,redresser,to straighten out
French,English,amical,friendly
French,English,une impasse,a dead end
French,English,un monstre,a monster
French,English,redouter,to dread
French,English,une démission,a resignation
French,English,un quai,a dock
French,English,emprisonner,to imprison
French,English,un/une actionnaire,a shareholder
French,English,brièvement,briefly
French,English,un abord,an approach
French,English,une grille,a grid
French,English,un placement,investment
French,English,allier,to combine
French,English,un otage,a hostage
French,English,une proie,prey
French,English,une ambassade,an embassy
French,English,restaurer,to restore
French,English,un malaise,discomfort
French,English,assortir,to match
French,English,un hochet,a rattle
French,English,fermement,firmly
French,English,un conjoint,a spouse
French,English,une clarté,clarity
French,English,une rive,a shore
French,English,un assassinat,murder
French,English,brancher,to plug in
French,English,un/une vainqueur,a winner
French,English,un schéma,a diagram
French,English,survivant,survivor
French,English,atténuer,to lessen
French,English,une croyance,a belief
French,English,une clientèle,a customer
French,English,un pompier,a firefighter
French,English,un chantier,a construction site
French,English,coincer,to jam
French,English,une gloire,a glory
French,English,une tentation,an attempt
French,English,préconiser,to advocate
French,English,fêter,to celebrate
French,English,taper,to type/beat
French,English,un fusil,a rifle
French,English,référer,to refer
French,English,un sable,sand
French,English,une chair,a flesh
French,English,une queue,a tail
French,English,une antenne,an antenna
French,English,un décret,a decree
French,English,une devise,motto/currency
French,English,quoique,though
French,English,doucement,gently
French,English,une fierté,pride
French,English,une poussière,a dust
French,English,décourager,to discourage
French,English,une flotte,a fleet
French,English,un bulletin,a newsletter
French,English,abriter,to shelter
French,English,quiconque,anyone
French,English,une coutume,a custom
French,English,un intervalle,an interval
French,English,acquitter,to pay off
French,English,une réplique,a replica/reply
French,English,une montée,a rise
French,English,un approvisionnement,a supply
French,English,une poignée,a handful
French,English,étouffer,to choke/smother
French,English,restant,remaining
French,English,abaisser,to lower
French,English,un matériau,a material
French,English,propice à,favorable to
French,English,homologue,counterpart
French,English,conquérir,to conquer
French,English,un demandeur,an applicant
French,English,une humeur,A mood
French,English,un désespoir,despair
French,English,contourner,to bypass
French,English,une conquête,a conquest
French,English,un fichier,A file
French,English,un échantillon,a sample
French,English,un mépris,a disdain
French,English,déchirer,to tear
French,English,allumer,to turn on
French,English,un usager,a user
French,English,un délit,a crime
French,English,subsister,to remain
French,English,accentuer,to accentuate
French,English,originaire,native
French,English,un ventre,a belly
French,English,une mondialisation,a globalization
French,English,un excédent,excess
French,English,un avertissement,a warning
French,English,un souhait,a wish
French,English,un excès,an excess
French,English,cibler,to target
French,English,apprêter,to prepare
French,English,s'effondrer,to collapse
French,English,prévaloir,to prevail
French,English,un lac,a lake
French,English,un souffle,a breath
French,English,émaner,to emanate
French,English,parallèlement à,in parallel to
French,English,pourvoir,to supply
French,English,un routier,a road/trucker
French,English,rembourser,to refund
French,English,décrocher,to unhook
French,English,une échéance,a deadline
French,English,une vingtaine,around twenty
French,English,un trésor,a treasure
French,English,aveugle,blind
French,English,une faillite,bankruptcy
French,English,une rémunération,a payment
French,English,souple,flexible
French,English,une ère,an era
French,English,une chronique,a chronicle
French,English,dissimuler,to conceal
French,English,un/une ancêtre,an ancestor
French,English,déborder,to overflow
French,English,un entraînement,a training
French,English,une grandeur,a size
French,English,une arrestation,an arrest
French,English,un classement,a ranking
French,English,loger,to accommodate
French,English,un fondement,a foundation
French,English,débarquer,to land
French,English,un compagnon,companion
French,English,une matinée,a morning
French,English,un déroulement,a progress
French,English,claquettes,slides
French,English,la canicule,heat wave
French,English,baskets,sneakers
French,English,je suis à la retrait,I am retired
French,English,l'andamento,the social progress
French,English,dégager,to emit
French,English,au bord de la mer,At the seaside
French,English,faire les magasins,to go shopping
French,English,la colline,the hill
French,English,se promener,to walk around
French,English,se balader,to walk around
French,English,reposant,relaxing
French,English,micro,microphone
French,English,un brassage,a brew
French,English,rayonnant,stunning
French,English,emménager,to move in
French,English,se rendre compte de,to realize
French,English,accueillant,welcoming
French,English,chaleureux,warm
French,English,aigris,bitter
French,English,s'accrocher,to hang on
French,English,en soi,in itself
French,English,un régisseur,a director
French,English,un gage,a fee
French,English,héberger quelqu'un,to host someone
French,English,toiser,to eye scornfully
French,English,za3ma,"for real, as if, like"
French,English,elle est cheum/éclaté,she fugly
French,English,c'est une bombe/frappe,she a hottie
French,English,Tant mieux,So much better
French,English,tant que,as long as
French,English,les proches,relatives
French,English,quelque soit,regardless of
French,English,peu importe quoi,no matter what
French,English,Une poignée de main,A handshake
French,English,Un câlin,A hug
French,English,c’est leur kiff,it's their charm
French,English,il y’a pleins de critère qui rentre en compte,there are a lot of criteria that come into account
French,English,la tenue,the outfit
French,English,équitation,horse riding
French,English,se tenir,to keep
French,English,frimer,to show off
French,English,J’ai bugué,I said/did a weird thing
French,English,léger,lightweight
French,English,combinaison de plongée,wet suit
French,English,colis,parcel
French,English,échapper,to escape
French,English,Pas tant que,Not so much
French,English,te la peter,to show off
French,English,Gonfler,Inflate/to annoy
French,English,nouilles,noodles
French,English,boutiques,shops
French,English,les pakpak,grocery stores
French,English,les épiceries,grocery stores
French,English,à tort et à travers,loosely (figuratively)
French,English,en règle général,In general
French,English,retirées,withdrawn
French,English,en soit,in any case
French,English,déménager à,to move to
French,English,Le rattrapage,Catch-up
French,English,au sens figuré,figuratively
French,English,toutes sortes,all kinds
French,English,Pck,Parce que
French,English,l'orgueil,pride
French,English,dans le déni,in denial
French,English,beuh,weed
French,English,du shit,some dope
French,English,facturer,to charge
French,English,séances,sessions
French,English,un virement bancaire,a Bank transfer
French,English,Le carrelage,Tiling
French,English,doudoune,puffy jacket
French,English,décès,death
French,English,arrêts maladie,sick leave
French,English,prendre une cuite,to get shit faced
French,English,avoir mal au crâne ?,to have a headache
French,English,tu seras le premier au courant,you will be the first to know
French,English,compter,to plan
French,English,en pointure,in shoe size
French,English,fauteuil roulant,Wheelchair
French,English,bénévole,volunteer
French,English,gênant,awkward
French,English,autant que,as much as
French,English,T’as l’air mims,You look cute
French,English,au cas tu l'avais oublié,in case you forgot
French,English,se méfier,to be wary
French,English,Je me suis excusé,I apologized
French,English,Tu t'es emballé,You got head over heels
French,English,t'as pas un 06?,got a phone number?
French,English,poupée,baby
French,English,faire la cour à quelqu'un,to woo someone
French,English,je rigolais,I was joking
French,English,rentable,profitable
French,English,Tu t'éloigne,You are digressing
French,English,Akhi,brother
French,English,tomber accroc,to get hooked
French,English,sonner,to sound/ring
French,English,escrocs,scammers
French,English,L'apparence est trompeuse,The appearance is deceptive
French,English,mon surnom,my nickname
French,English,T'as une mémoire de poisson rouge,You have a memory of a goldfish
French,English,joker,next question
French,English,s'endormir,to fall asleep
French,English,matière,material
French,English,voyou,thug
French,English,gomme,rubber/gum
French,English,mâcher,to chew
French,English,Elle est bad,She bad
French,English,chouf,regarde
French,English,Belek,attention
French,English,Chouiya,a little
French,English,khlass,stop
French,English,un gadjo,a guy
French,English,Une gonz/une go/une gadji/une nana,A girl
French,English,un collier,a necklace
French,English,un col,a collar
French,English,se peter,to leave
French,English,un lot,a batch
French,English,débarquer,to disembark
French,English,un bassin,a basin/bowl
French,English,régir,to govern
French,English,rattraper,to catch up with
French,English,dévoiler,to reveal
French,English,un déroulement,a running
French,English,tantôt,sometimes
French,English,user,to wear out
French,English,encontre,against
French,English,enfoncer,to press in
French,English,souffler,to blow
French,English,hériter,to inherit
French,English,approfondir,to deepen
French,English,un genou,a knee
French,English,un paradis,a paradise
French,English,vouer,to vow
French,English,se passionner,to be passionate
French,English,une colline,a hill
French,English,promener le chien,to walk the dog
French,English,un charbon,a coal
French,English,une colonne,a column
French,English,une aile,a wing
French,English,une ordonnance,a prescription
French,English,se renseigner sur,to get information on
French,English,renseigner,to inform
French,English,vaincre,to defeat
French,English,bouleverser,to upset
French,English,une culpabilité,a guilt
French,English,un scrutin,a ballot
French,English,soulager,to relieve
French,English,ambitieux,ambitious
French,English,amorcer,to initiate
French,English,un toit,a roof
French,English,un fleuve,a river
French,English,un cadavre,a dead body
French,English,siéger,sit (metaphorically)
French,English,un déchet,a piece of trash
French,English,une peinture,a painting
French,English,une pente,a slope
French,English,enterrer,to bury
French,English,prédire,to predict
French,English,un piège,a trap
French,English,découler de,to result from
French,English,une plaque,a plate
French,English,les lames,the blades
French,English,coordonner,to coordinate
French,English,démarrer,start up
French,English,séduire,to seduce
French,English,une clôture,a fence/closure
French,English,accrocher,to hang/hook
French,English,filer,to spin
French,English,extraire,to extract
French,English,un palais,a palace
French,English,trahir,to betray
French,English,s'emparer,to seize
French,English,une chaleur,a heat
French,English,un accroissement,a growth
French,English,brut,raw
French,English,une onde,a wave
French,English,un procédé,a method/process
French,English,secouer,to shake
French,English,fiscale,tax
French,English,instaurer,to establish
French,English,un couloir,a corridor
French,English,un fauteuil,an armchair
French,English,volontiers,willingly
French,English,une cible,a target
French,English,consentir,to consent
French,English,une interdiction,a ban
French,English,inhabituel,unusual
French,English,un repos,A rest
French,English,infliger,to inflict
French,English,une aube,a dawn
French,English,un malheur,a misfortune
French,English,un parcours,a course
French,English,un tas de,a bunch of
French,English,un troupeau,a herd
French,English,repérer,to spot
French,English,nuire,to harm
French,English,une survie,a survival
French,English,une tranche,a slice
French,English,une tournée,a tour
French,English,un accessoire,an accessory
French,English,revêtir,to take on
French,English,exploser,to explode
French,English,un meurtrier,a murderer
French,English,une défaite,a defeat
French,English,un mensonge,a lie
French,English,une quête,a quest
French,English,valable,valid
French,English,une adhésion,a subscription
French,English,un contribuable,a taxpayer
French,English,sacrifier,to sacrifice
French,English,une répartition,a distribution
French,English,un paysage,a landscape
French,English,une file,a queue
French,English,un royaume,A Kingdom
French,English,un chômeur,unemployed person
French,English,un partenariat,partnership
French,English,semer,to sow
French,English,surgir,to arise
French,English,décevant,disappointing
French,English,rouler,to roll/drive
French,English,une racine,a root
French,English,un procureur,a prosecutor
French,English,une coupure,a cut
French,English,récompenser,to reward
French,English,plaider,to plead
French,English,négliger,to neglect
French,English,affaiblir,to weaken
French,English,un brillant,a shine
French,English,envahir,to invade
French,English,constamment,constantly
French,English,un prêtre,a priest
French,English,réviser,to revise/review
French,English,un décès,a death
French,English,un camion,a truck
French,English,un adjoint,a deputy/assistance
French,English,un patrimoine,heritage
French,English,obligatoire,mandatory
French,English,un flux,flow
French,English,aggraver,to worsen
French,English,délivrer,to deliver/issue
French,English,un recul,a decline
French,English,habituer,to get used to
French,English,une couche,a diaper/layer
French,English,une blessure,a wound
French,English,s'avérer,to turn out to be
French,English,un enseignant,a teacher
French,English,intituler,to title
French,English,un congé,a time off
French,English,épuiser,to exhaust
French,English,un biais,bias
French,English,une barrière,a barrier/fence/gate
French,English,creuser,to dig
French,English,traîner,to hang around/drag
French,English,préalable,prior
French,English,un paquet,a package
French,English,un retrait,a withdrawal
French,English,un tournant,a turning point
French,English,confondre,to confuse
French,English,une ampleur,"an extent, magnitude"
French,English,promouvoir,to promote
French,English,un tabac,tobacco
French,English,un rendement,a yield
French,English,un autochtone,an indigenous
French,English,une marchandise,merchandise
French,English,surmonter,to overcome
French,English,autrefois,in the old days
French,English,un marchand,a merchant
French,English,soupçonner,to suspect
French,English,chasser,to hunt
French,English,aussitôt,immediately
French,English,une décennie,a decade
French,English,restreindre,to restrict
French,English,un rabais/remise,a discount
French,English,épargner de l'argent,to save money
French,English,sombre,dark
French,English,compromettre,to compromise
French,English,un destin,a destiny
French,English,enrichir,to enrich
French,English,légèrement,slightly
French,English,une misère,a misery
French,English,un enjeu,an issue
French,English,entamer,to begin
French,English,abattre,to slaughter
French,English,se répandre,to spread
French,English,un paysan,a peasant
French,English,louer,to rent
French,English,une entente,an agreement
French,English,une cotisation,a membership fee
French,English,un géant,a giant
French,English,engendrer,to procreate
French,English,une haine,a hatred
French,English,une amitié,a friendship
French,English,lâcher,to let go
French,English,une contrainte,a constraint
French,English,débattre,to debate
French,English,tarder,to delay
French,English,un concurrent,a competitor
French,English,un récit,a narrative
French,English,se débarrasser de,to get rid of
French,English,un sondage,a survey
French,English,une revendication,a claim
French,English,enceinte,pregnant
French,English,avertir,to warn
French,English,une rivière,a river
French,English,une prière,a prayer
French,English,merveilleux,wonderful
French,English,songer,to bear in mind
French,English,fondé par,founded by
French,English,répartir,to allocate
French,English,casser,to break
French,English,croiser,to cross
French,English,conformément à,in accordance with
French,English,hausser,to raise
French,English,un laboratoire,a laboratory
French,English,retarder,to delay
French,English,déclencher,to trigger
French,English,punir,to punish
French,English,le litige,the dispute
French,English,trancher,"to sever, settle"
French,English,contraindre,"to compel, constrain"
French,English,un indice,a clue
French,English,rédiger,to write up
French,English,croître,to grow
French,English,un salarié,an employee
French,English,une chasse,a hunt
French,English,survenir,to occur
French,English,un marin,a sailor
French,English,afficher,to display
French,English,dresser,to draw up
French,English,un vœu,a wish
French,English,un lecteur,a reader
French,English,une prime,a bonus
French,English,bâtir,to build
French,English,un volet,a section
French,English,rompre avec,to break up with
French,English,dessiner,to draw
French,English,résider,to reside
French,English,désoler,to grieve
French,English,un trouble,a disorder
French,English,une disparition,a disappearance
French,English,soustraire,to subtract
French,English,classer,to classify
French,English,aigre,sour
French,English,doux,"soft,sweet"
French,English,un seuil,a threshold/doorstep
French,English,nettement,clearly
French,English,une fuite,a leak
French,English,un infirmier,a nurse
French,English,éclairer,to illuminate
French,English,une poursuite,a pursuit
French,English,il est issu,it is derived
French,English,s'efforcer de,to strive to
French,English,procurer,to obtain
French,English,détourner,to divert
French,English,une issue,an outcome/exit
French,English,guider,to guide
French,English,une ombre,a shadow
French,English,combler,to fill in
French,English,inclure,to include
French,English,semblable,similar
French,English,un médicament,a medicine
French,English,plonger,to dive
French,English,élargir,to widen
French,English,un époux,a husband
French,English,une pauvreté,poverty
French,English,affronter,to face
French,English,une faiblesse,a weakness
French,English,éclater,to burst
French,English,illustrer,to illustrate
French,English,un critère,a criteria
French,English,reculer,to retreat
French,English,briser,to break
French,English,un bénéfice,a profit
French,English,une piste,a track
French,English,une tenue,an outfit
French,English,isoler,to isolate
French,English,chrétien,Christian
French,English,une foule,a crowd
French,English,mes loisirs,my hobbies
French,English,refléter,to reflect
French,English,apercevoir,to perceive
French,English,un hasard,A coincidence
French,English,une richesse,A wealth
French,English,un attentat,an attack
French,English,un immeuble,a building
French,English,éprouver de,to experience
French,English,rétablir,to restore
French,English,un ouvrier,worker
French,English,taire,to hush up
French,English,une plainte,a complaint
French,English,rassurer,to reassure
French,English,un logement,housing
French,English,régner,to reign
French,English,une prestation,a benefit
French,English,étroit,narrow
French,English,clore,to close off
French,English,une revue,review
French,English,faciliter,to ease
French,English,une dette,a debt
French,English,exploiter,to exploit
French,English,un achat,a purchase
French,English,fidèle,faithful
French,English,un don,a donation
French,English,l'essence,gasoline
French,English,agricole,agricultural
French,English,une découverte,a discovery
French,English,doter,to endow
French,English,régulier,regular
French,English,une pierre,a stone
French,English,contrairement à,contrary to
French,English,intégrer,to integrate
French,English,une chute d'eau,a waterfall
French,English,un bilan,balance sheet
French,English,une efficacité,efficiency
French,English,féliciter,to congratulate
French,English,un écrivain,a writer
French,English,un écart,a gap
French,English,un ouvrage,a handiwork
French,English,un commissaire,Commissioner
French,English,apparemment,apparently
French,English,suspendre,to suspend
French,English,front,forehead
French,English,un défi,a challenge
French,English,un outil,a tool
French,English,un porte-parole,a spokesperson
French,English,une bourse d'étude,a scholarship
French,English,un abri,a shelter
French,English,une marge,a margin
French,English,un recours,appeal
French,English,persuader,to persuade
French,English,une épreuve,a test
French,English,relier à,to link to
French,English,évoluer,to evolve
French,English,une hauteur,height
French,English,un tort,a wrongdoing
French,English,prier,to pray
French,English,un désir,a desire
French,English,une démarche,an approach
French,English,achever,to finish
French,English,rassembler,to gather
French,English,un fonctionnaire,state employee
French,English,un fer,an iron
French,English,saluer,to greet
French,English,un refus,a refusal
French,English,une menace,a threat
French,English,une jeunesse,a youth
French,English,un renseignement,information
French,English,un foyer,a home
French,English,un métier,a job
French,English,reprocher,to blame
French,English,diviser,to divide
French,English,une hausse,an increase
French,English,une colère,an anger
French,English,un procès,a trial
French,English,céder sa place,to give up your seat
French,English,provenir de,to derive from
French,English,une cour,a court
French,English,une dépense,an expense
French,English,un témoignage,a testimony
French,English,un gaz,a gas
French,English,messieurs,gentlemen
French,English,voire,even
French,English,interne et externe,internal and external
French,English,tromper,to deceive
French,English,accroître,to increase
French,English,verser,to pour
French,English,juif,Jewish
French,English,entourer,to surround
French,English,diminuer,to decrease
French,English,investir,to invest
French,English,l'arrière,the back
French,English,une vertu,a virtue
French,English,écarter,to discard
French,English,franchir,to cross
French,English,un sommet,a summit
French,English,sourire,smile
French,English,une usine,factory
French,English,au-dessus,above
French,English,interrompre,to interrupt
French,English,suggérer,to suggest
French,English,un statut,a status
French,English,vide,empty
French,English,une inquiétude,a worry
French,English,élire,to elect
French,English,une ouverture,an opening
French,English,une séance,a session
French,English,un meurtre,a murder
French,English,exclure,to exclude
French,English,un montant,an amount
French,English,échanger,to exchange
French,English,dérouler,to unroll
French,English,un chômage,unemployment
French,English,correspondre,to correspond
French,English,transmettre,to forward
French,English,privé,private
French,English,un propriétaire,an owner
French,English,une revanche,a revenge
French,English,un dépit,a spite
French,English,une foi,a faith
French,English,renoncer à,to give up
French,English,un dirigeant,a leader
French,English,renouveler,to renew
French,English,rapprocher,to bring closer
French,English,accomplir,to accomplish
French,English,surveiller,to monitor
French,English,dégager,to clear up
French,English,renforcer,to reinforce
French,English,un défaut,a flaw
French,English,bénéficier,to benefit
French,English,une échelle,ladder/scale
French,English,lendemain,next day
French,English,un représentant,one representative
French,English,recueillir,to collect
French,English,réclamer,to claim
French,English,témoigner,to testify
French,English,commettre,to commit
French,English,une crainte,a fear
French,English,accueillir,to welcome
French,English,entretenir,to maintain
French,English,profond,deep
French,English,étendre,to spread
French,English,au-delà,beyond
French,English,entreprendre,to undertake
French,English,prétendre,to claim/pretend
French,English,envers,towards
French,English,etape suivante,next step
French,English,tendre,to stretch
French,English,évoquer,to recall
French,English,une gestion,a management
French,English,doubler,to dub
French,English,emprunter,to borrow
French,English,convenir de,to agree
French,English,moindre,lesser
French,English,acquérir,to acquire
French,English,citoyen,citizen
French,English,une perte,a loss
French,English,contenter,to satisfy
French,English,une puissance,a power
French,English,une portée,a scope
French,English,un témoin,a witness
French,English,surprendre,to surprise
French,English,traverser,to cross
French,English,susciter,to stimulate
French,English,autrement,otherwise
French,English,une lecture,a reading
French,English,un salaire,salary
French,English,une concurrence,a competition
French,English,inscrire,to register
French,English,un bord,an edge
French,English,une reprise,a renewal
French,English,effectuer,to carry out
French,English,les fonds,funds
French,English,outre,besides
French,English,une maladie,a sickness
French,English,rapporter,to report/bring back
French,English,conclure,to conclude
French,English,une tâche,a task
French,English,condamner,to condemn
French,English,a l'égard de,with regard to
French,English,confier un secret,to confide a secret
French,English,une enquête,investigation
French,English,composer un numéro,to dial a number
French,English,envisager l'avenir,to consider the future
French,English,un champ,a field
French,English,figurer,to represent
French,English,plaire à quelqu'un,to please someone
French,English,pousser,to push
French,English,publier,to publish
French,English,résoudre,to solve
French,English,attirer,to attract
French,English,consacrer à,to devote to
French,English,préciser,to specify
French,English,fournir,to provide
French,English,saisir des données,to input data
French,English,faible coût,low cost
French,English,un réseau,a network
French,English,davantage branché sur l'organisation,more connected to the organization
French,English,un espoir,a hope
French,English,suffire,to suffice
French,English,constater,to note
French,English,posséder,to possess
French,English,pauvre,poor
French,English,soumettre une demande,to submit a request
French,English,dépasser les limites,to exceed the limits
French,English,subir un échec,to experience failure
French,English,admettre,to admit
French,English,vers midi,around noon
French,English,environ deux,About two
French,English,retirer le message,to remove the message
French,English,viser à,to aim at
French,English,une croissance,a growth
French,English,prouver,to prove
French,English,un débat,a debate
French,English,auprès de,near
French,English,la longueur et la largeur,length and width
French,English,livrer à,to deliver to
French,English,une voie,a route
French,English,d'après,according to
French,English,partout ailleurs,everywhere else
French,English,convaincre,to convince
French,English,parvenir à ses fins,to achieve its goals
French,English,une matière scolaire,a school subject
French,English,un fond,a background
French,English,disposer,to arrange
French,English,diriger une équipe,to manage a team
French,English,établir,to establish
French,English,craindre,to fear
French,English,priver de,to deprive of
French,English,disparaître,to disappear
French,English,un cadre,a frame
French,English,milieu,middle
French,English,moitié,half
French,English,courant alternatif,alternating current
French,English,déposer,to drop off
French,English,caviste,wine shop
French,English,gavage,force feeding
French,English,"petard, tarpé",firecracker/joint
French,English,Prends-moi par derrière,Take me from behind
French,English,Doigte-moi,Finger me
French,English,Fais-moi une branlette,do me a handjob
French,English,chanmé,sick!
French,English,clébard,dog
French,English,"frangin, frérot",bro
French,English,frangine,sis
French,English,"clope, sèche",cigarette
French,English,bahut,"school, taxi, truck"
French,English,"le verre, le pot, le coup",a drink
French,English,"la nana, la copine, la gonzesse,  la loulotte",girlfriend
French,English,le loulou,boyfriend
French,English,"les flics, les keufs, les poulets, les schmitts, policier",the cops
French,English,"le pinard, le picrate, le pive",cheap wine
French,English,la tire,the car
French,English,les chiottes,the toilets
French,English,les tablettes de chocolat,6 pack
French,English,Un lubrifiant,lube
French,English,"Un vibromasseur, un godemichet, un gode",dildo
French,English,"Tailler une pipe, faire une turlutte",to give a blowjob
French,English,"Une fellation, une pipe",A blowjob
French,English,se branler,to jerk off
French,English,Mouiller,to get wet
French,English,Bander,to have a hard on
French,English,"Faire des gouzis, faire des papouilles",to tickle/fool around
French,English,"Le derrière, le postérieur, l’arrière-train, le fion, les fesses, le cul",ass
French,English,"Les nichons, les nibards, les miches, les nénés, les tétons",Boobs
French,English,"Une burne, une coucougnette, les bijoux de famille",testicles
French,English,"Le pénis, la verge, la bite, la pine, le zob, le zizi, le quiqui, la queue",penis
French,English,S’envoyer en l’air,To get laid
French,English,Faire des galipettes,to do somersaults (sexually)
French,English,Niquer,to fuck
French,English,Sauter,to fuck
French,English,un fond,a little (drink-wise)
French,English,une carafe,a jug
French,English,un pichet,a pitcher
French,English,se déboucher,to uncork
French,English,s'empiffrer,to eat like shit
French,English,ingurgiter,to eat quickly
French,English,dévorer,to devour your food
French,English,picorer,to eat a bit
French,English,boulotter,to eat without thinking too much
French,English,gober,to eat in one go
French,English,becqueter,to eat
French,English,se sustenter,to eat
French,English,parler pour ne rien dire,to talk for nothing
French,English,assouvir,to appease
French,English,orphelinat,orphanage
French,English,se moquer de,to make fun of
French,English,souliers,shoes
French,English,bosseur acharné,hard worker
French,English,le fermier,the farmer
French,English,pont,deck
French,English,demeurer,to live
French,English,l'intrus,the intruder
French,English,engager,to hire
French,English,défendre,to defend
French,English,relever,to raise
French,English,une oeuvre d'art,a work of art
French,English,courant,current
French,English,reprendre,to resume
French,English,or,gold
French,English,quant à,as for
French,English,haut,high
French,English,une vue,a view
French,English,vers,towards
French,English,dont,whose
French,English,suite à,following
French,English,la Joconde,the Mona Lisa
French,English,ténèbres,darkness
French,English,poubelle,trash can
French,English,brioche,bun
French,English,géant,giant
French,English,moisi,moldy
French,English,ralentir,to slow down
French,English,polyvalent,versatile
French,English,ça me crinque,that gets me fired up
French,English,au pif,off the top of your head
French,English,léger,light
French,English,roturière,commoner
French,English,les rides,wrinkles
French,English,pétrir,to mold
French,English,levure,yeast
French,English,serrure,lock
French,English,en passant,by the way
French,English,en tant que,as
French,English,nouveau riche,bad taste
French,English,arrondissement,district
French,English,la vaseline,lube
French,English,une puce,a flee
French,English,va chier,go fuck yourself
French,English,tu es un thon,you are ugly
French,English,censé,supposed
French,English,abuser,to exaggerate
French,English,Ah bah bien,bravo
French,English,une nana,a chick
French,English,un tic de langage,french fillers
French,English,jouer avec les pieds de quelqu'un,to get someone angry
French,English,les doigts dans le nez,piece of cake
French,English,avoir un coeur d'artichaut,to fall in love easily
French,English,être bleu de quelqu'un,to be in love with someone
French,English,être un légume,to be a couch potato
French,English,quand les poules auront des dents,when Pigs Fly
French,English,milieu,environment
French,English,j'espère que ça vous a plus,I hope you liked it
French,English,bien ou quoi chacal,wuz good my G
French,English,pétard,a joint
French,English,paname,Paris (Slang)
French,English,tel ou tel,such and such
French,English,râleurs,complainer
French,English,bouffer,to garble
French,English,en tout cas,in any case
French,English,les gros mots,swear words
French,English,affamer,to starve
French,English,faire du stop,to hitchhike
French,English,le décalage horaire,jet lag
French,English,trucmuche,whats his name
French,English,bougie,candle
French,English,je suis foncedé,I am wasted
French,English,tu te fou de ma gueule?,are you kidding me?
French,English,tapis,carpet
French,English,archi,very
French,English,j'ai la flemme,I dont feel like it
French,English,il m'a carotté,he swindled me
French,English,je suis déterre,I am motivated
French,English,je suis rincé,I am tired
French,English,couronne,crown
French,English,chalumeau,blowtorch
French,English,défricher,to be cleared
French,English,la cloche,the bell
French,English,dompter,to tame
French,English,par contre,On the other hand
French,English,s'echauffer,to warm up
French,English,sauvegarder,to back it up
French,English,se venter,to brag
French,English,s'essuyer,to dry up
French,English,au secours,Help!
French,English,effleurer,to brush against
French,English,parvenir à,to reach
French,English,s'incruster,to set in
French,English,de nulle part,From nowhere
French,English,cols roulés,turtlenecks
French,English,c'est ainsi que,from then on that
French,English,s'empêcher,to prevent
French,English,marmonner,to mumble
French,English,abréger,to abreviate
French,English,la monnaie,change
French,English,j'ai les yeux plus gros que le ventre,I bit off more than I can chew
French,English,de base,basic
French,English,bof,blah
French,English,connerie,bullshit
French,English,mainde,tomorrow
French,English,sonmai,house
French,English,tipeu,small
French,English,iench(yiaach),dog (yiaach)
French,English,teillbou,bottle
French,English,bête(teubê),stupid
French,English,toubib,doctor
French,English,gerber,to puke
French,English,glander,to be doing nothing
French,English,chier,to shit
French,English,le plumard/le pieu,the bed
French,English,pioncer/pieuter,to sleep
French,English,becqueter/grailler,to eat
French,English,balles,euros
French,English,résumer,to summarize
French,English,jongler,to juggle
French,English,cleffer,to lock
French,English,la malle,the trunk
French,English,frotter,to rub
French,English,les mensonges,lies
French,English,un rappel,an encore (english usg.)
French,English,la messe est dite,the people have spoken
French,English,les carottes sont cuites,the goose is cooked
French,English,mouais,meh
French,English,au bout du fil,at the end of the line
French,English,la braise,embers
French,English,stationnement,parking
French,English,le bonnet,cap
French,English,routière,road
French,English,l'aîné,the elder
French,English,métier,job
French,English,veuve,widow
French,English,demeurer,to remain
French,English,avoir du pot,to be lucky
French,English,têtu,stubborn
French,English,attirance,attractiveness
French,English,se saper,to dress oneself
French,English,"se casser, se tirer, se barrer",to leave
French,English,une boite,a box/company
French,English,toi-même tu sais,you know what i mean
French,English,sursauter,to jump
French,English,le grenier,the attic
French,English,tourner autour du pot,beat around the bush
French,English,va t'en,go away
French,English,commerçant,trader
French,English,se précipiter,to rush
French,English,tandis que,while
French,English,forcément,necessarily
French,English,contre toute attente,against all expectations
French,English,sait-on jamais,do we ever know